name,price,price_old,sale,url
Подвесной светильник Сансет Black,4190руб.,5990руб.,-30%,https://www.divan.ru/product/podvesnoj-svetilnik-sanset-black
Торшер Билли Black,14 490руб.,23 390руб.,-38%,https://www.divan.ru/product/torsher-billi-black
Подвесной светильник Бабл-9,16 490руб.,25 990руб.,-36%,https://www.divan.ru/product/podvesnoj-svetilnik-babl-9
Торшер Бабл-1,6190руб.,10 390руб.,-40%,https://www.divan.ru/product/torsher-babl-1
Подвесной светильник Бабл-3,6190руб.,8990руб.,-31%,https://www.divan.ru/product/podvesnoj-svetilnik-babl-3
Бра Бабл Black,1990руб.,3890руб.,-48%,https://www.divan.ru/product/bra-babl-black
Настольная лампа Дэнди Black,3590руб.,6990руб.,-48%,https://www.divan.ru/product/nastolnaya-lampa-dendi-black
Настольная лампа Дэнди White,3590руб.,6990руб.,-48%,https://www.divan.ru/product/nastolnaya-lampa-dendi-white
Торшер Варио White,4990руб.,8190руб.,-39%,https://www.divan.ru/product/torsher-vario-white
Бра Варио Black,990руб.,1690руб.,-41%,https://www.divan.ru/product/bra-vario-black
Бра Варио White,990руб.,1890руб.,-47%,https://www.divan.ru/product/bra-vario-white
Подвесной светильник Сансет White,4190руб.,5990руб.,-30%,https://www.divan.ru/product/podvesnoj-svetilnik-sanset-white
Подвесной светильник Кэндел Black,2690руб.,3590руб.,-25%,https://www.divan.ru/product/podvesnoj-svetilnik-kendel-black
Подвесной светильник Кэндел White,2690руб.,3590руб.,-25%,https://www.divan.ru/product/podvesnoj-svetilnik-kendel-white
Торшер Вена Beige,9990руб.,11 990руб.,-16%,https://www.divan.ru/product/torsher-vena-beige
Настольная лампа Сфера Orange,4990руб.,5990руб.,-16%,https://www.divan.ru/product/nastolnaya-lampa-sfera-orange
Торшер Осло Black,15 990руб.,19 990руб.,-20%,https://www.divan.ru/product/torsher-oslo-black
Подвесной светильник Кая Black,2590руб.,3590руб.,-27%,https://www.divan.ru/product/podvesnoj-svetilnik-kaya-black
Торшер Вена Black,9990руб.,11 990руб.,-16%,https://www.divan.ru/product/torsher-vena-black
Подвесной светильник Кая White,2590руб.,3590руб.,-27%,https://www.divan.ru/product/podvesnoj-svetilnik-kaya-white
Торшер Осло White,15 990руб.,19 990руб.,-20%,https://www.divan.ru/product/torsher-oslo-white
Настольная лампа Гровер Glass,3990руб.,6990руб.,-42%,https://www.divan.ru/product/nastolnaya-lampa-grover-glass
Настольная лампа Сфера Black,3990руб.,5990руб.,-33%,https://www.divan.ru/product/nastolnaya-lampa-sfera-black
Настольная лампа Машрум Grey,3990руб.,0,нет скидки,https://www.divan.ru/product/nastolnaya-lampa-mashrum-grey
Настольная лампа Спайк Green,990руб.,0,нет скидки,https://www.divan.ru/product/nastolnaya-lampa-spajk-green
Настольная лампа Клауд White,11 590руб.,13 990руб.,-17%,https://www.divan.ru/product/nastolnaya-lampa-klaud-white
Настольная лампа Рэй Black,2990руб.,3990руб.,-25%,https://www.divan.ru/product/nastolnaya-lampa-rej-black
Торшер Рэй White,3590руб.,5990руб.,-40%,https://www.divan.ru/product/torsher-rej-white
Торшер Рэй Black,4990руб.,5990руб.,-16%,https://www.divan.ru/product/torsher-rej-black
Настольная лампа Спайк Orange,790руб.,1290руб.,-38%,https://www.divan.ru/product/nastolnaya-lampa-spajk-orange
Подвесной светильник Портланд Black,2590руб.,4190руб.,-38%,https://www.divan.ru/product/podvesnoj-svetilnik-portland-black
Настольная лампа Гросс White,3590руб.,4990руб.,-28%,https://www.divan.ru/product/nastolnaya-lampa-gross-white
Торшер Мун Black,5990руб.,9990руб.,-40%,https://www.divan.ru/product/torsher-mun-black
Торшер Билли White,13 390руб.,23 390руб.,-42%,https://www.divan.ru/product/torsher-billi-white
Торшер Варио Black,6190руб.,8190руб.,-24%,https://www.divan.ru/product/torsher-vario-black
Настольная лампа Раффи Round,4990руб.,7590руб.,-34%,https://www.divan.ru/product/nastolnaya-lampa-raffi-round
Торшер Гросс White,5990руб.,8590руб.,-30%,https://www.divan.ru/product/torsher-gross-white
Торшер Раффи Round,9490руб.,11 590руб.,-18%,https://www.divan.ru/product/torsher-raffi-round
Бра Moderli Alina,3390руб.,0,нет скидки,https://www.divan.ru/product/bra-moderli-alina
Подвесной светильник Маро Green,11 690руб.,0,нет скидки,https://www.divan.ru/product/podvesnoj-svetilnik-maro-green
Настольная лампа Рэй White,2590руб.,3990руб.,-35%,https://www.divan.ru/product/nastolnaya-lampa-rej-white
Бра Tarbes-2,3290руб.,5590руб.,-41%,https://www.divan.ru/product/bra-tarbes-2
Светильник потолочный Matthew,4990руб.,0,нет скидки,https://www.divan.ru/product/svetilnik-potolochnyj-matthew
Настольная лампа Junior-4,2990руб.,0,нет скидки,https://www.divan.ru/product/nastolnaya-lampa-junior-4
Спот Лайт-1 Black,2390руб.,0,нет скидки,https://www.divan.ru/product/spot-lajt-1-black
Настольная лампа Junior-3,3870руб.,0,нет скидки,https://www.divan.ru/product/nastolnaya-lampa-junior-3
Настольная лампа Junior-1,3990руб.,0,нет скидки,https://www.divan.ru/product/nastolnaya-lampa-junior-1
Подвесной светильник Milligan,5490руб.,6590руб.,-16%,https://www.divan.ru/product/podvesnoj-svetilnik-milligan
Подвесной светильник Townshend-4,15 390руб.,22 690руб.,-32%,https://www.divan.ru/product/podvesnoj-svetilnik-townshend-4
Люстра Монти-3 White,9990руб.,0,нет скидки,https://www.divan.ru/product/lyustra-monti-3-white
Настольная лампа Junior-2,2890руб.,0,нет скидки,https://www.divan.ru/product/nastolnaya-lampa-junior-2
Настольная лампа Taeda,4990руб.,0,нет скидки,https://www.divan.ru/product/nastolnaya-lampa-taeda
Торшер Duetto,6990руб.,0,нет скидки,https://www.divan.ru/product/torsher-duetto
Настольная лампа Sphere,6530руб.,0,нет скидки,https://www.divan.ru/product/nastolnaya-lampa-sphere
Подвесной светильник Layham,19 790руб.,30 690руб.,-35%,https://www.divan.ru/product/podvesnoj-svetilnik-layham
Бра Galdakao-1,6590руб.,9890руб.,-33%,https://www.divan.ru/product/bra-galdakao
Подвесной светильник Tureis,3390руб.,0,нет скидки,https://www.divan.ru/product/podvesnoj-svetilnik-tureis
Бра Moderli Birds-1,10 290руб.,0,нет скидки,https://www.divan.ru/product/bra-moderli-birds-1
Подвесной светильник Даклин White,3890руб.,0,нет скидки,https://www.divan.ru/product/podvesnoj-svetilnik-daklin-white
Люстра Монти-5 White,14 990руб.,0,нет скидки,https://www.divan.ru/product/lyustra-monti-5-white
Торшер Paolo-1,16 990руб.,0,нет скидки,https://www.divan.ru/product/torsher-paolo-1
Настольная лампа Townshend-5,5490руб.,8890руб.,-38%,https://www.divan.ru/product/nastolnaya-lampa-townshend-5
Подвесной светильник Лиму-3 Black,5390руб.,0,нет скидки,https://www.divan.ru/product/podvesnoj-svetilnik-limu-3-black
Подвесной светильник Moderli Libre,5490руб.,8990руб.,-38%,https://www.divan.ru/product/podvesnoj-svetilnik-moderli-libre
Настольная лампа Layham,4590руб.,7690руб.,-40%,https://www.divan.ru/product/nastolnaya-lampa-layham
Подвесной светильник Chieveley,18 690руб.,25 390руб.,-26%,https://www.divan.ru/product/podvesnoj-svetilnik-chieveley
Люстра Лорето-10 Black,20 390руб.,28 590руб.,-28%,https://www.divan.ru/product/lyustra-loreto-10-black
Спот Лима-1 Black,2490руб.,0,нет скидки,https://www.divan.ru/product/spot-lima-1-black
Бра Cornus Silver,5290руб.,0,нет скидки,https://www.divan.ru/product/bra-cornus-silver
Бра Куб White,2190руб.,0,нет скидки,https://www.divan.ru/product/bra-kub-white
Подвесной светильник Volare,3990руб.,0,нет скидки,https://www.divan.ru/product/podvesnoj-svetilnik-volare
Ландшафтный светильник Визор Black,5990руб.,0,нет скидки,https://www.divan.ru/product/landshaftnyj-svetilnik-vizor-black
Бра Bolla-Unica,5290руб.,0,нет скидки,https://www.divan.ru/product/bra-bolla-unica
Настольная лампа Мист Black,6990руб.,0,нет скидки,https://www.divan.ru/product/nastolnaya-lampa-mist-black
Настольная лампа Palla Grey,14 990руб.,0,нет скидки,https://www.divan.ru/product/nastolnaya-lampa-palla-grey
Подвесной светильник Фаро-3 White,6490руб.,13 990руб.,-53%,https://www.divan.ru/product/podvesnoj-svetilnik-faro-3-white
Подвесной светильник Кэнди Blue,6990руб.,0,нет скидки,https://www.divan.ru/product/podvesnoj-svetilnik-kendi-blue
Подвесной светильник Фолс White,4990руб.,5790руб.,-13%,https://www.divan.ru/product/podvesnoj-svetilnik-fols-white
Люстра Нейва-4 Black,6490руб.,7290руб.,-10%,https://www.divan.ru/product/lyustra-nejva-4-black
Подвесной светильник Лима Grafit,2390руб.,0,нет скидки,https://www.divan.ru/product/podvesnoj-svetilnik-lima-grafit
Люстра Альби-6 Black,4390руб.,4690руб.,-6%,https://www.divan.ru/product/lyustra-albi-6-black
Бра Лима Black,2290руб.,0,нет скидки,https://www.divan.ru/product/bra-lima-black
Торшер Combo,11 900руб.,0,нет скидки,https://www.divan.ru/product/torsher-combo
Бра Техно Стрикт-2 Black,2290руб.,0,нет скидки,https://www.divan.ru/product/bra-tehno-strikt-2-black
Бра Донатори Black,5590руб.,0,нет скидки,https://www.divan.ru/product/bra-donatori-black
Подвесной светильник Хоул Grey,3690руб.,4690руб.,-21%,https://www.divan.ru/product/podvesnoj-svetilnik-houl-grey
Бра Aqua-Bolla,2190руб.,0,нет скидки,https://www.divan.ru/product/bra-aqua-bolla
Настольная лампа Moderli Suspent,3590руб.,6990руб.,-48%,https://www.divan.ru/product/nastolnaya-lampa-moderli-suspent
Подвесной светильник Минки-1 Grey,2890руб.,0,нет скидки,https://www.divan.ru/product/podvesnoj-svetilnik-minki-1-grey
Подвесной светильник Снэки Brown,2490руб.,3390руб.,-26%,https://www.divan.ru/product/podvesnoj-svetilnik-sneki-brown
Бра Твинки Grey,3390руб.,0,нет скидки,https://www.divan.ru/product/bra-tvinki-grey
Торшер Moderli Floor White,7590руб.,16 990руб.,-55%,https://www.divan.ru/product/torsher-moderli-floor-white
Бра Белфаст Single,3590руб.,0,нет скидки,https://www.divan.ru/product/bra-belfast-single
Бра Фаро Black,2790руб.,3190руб.,-12%,https://www.divan.ru/product/bra-faro-black
Ландшафтный светильник Белград Black,10 990руб.,0,нет скидки,https://www.divan.ru/product/landshaftnyj-svetilnik-belgrad-black
Бра Tarbes-1,5790руб.,0,нет скидки,https://www.divan.ru/product/bra-tarbes-1
Торшер Moderli Suspent,7690руб.,14 990руб.,-48%,https://www.divan.ru/product/torsher-moderli-suspent
Светильник потолочный Атрани Black,4490руб.,0,нет скидки,https://www.divan.ru/product/svetilnik-potolochnyj-atrani-black
Спот Минки-2 Black,1690руб.,0,нет скидки,https://www.divan.ru/product/spot-minki-2-black
Бра Техно Стрикт-2 Grey,2290руб.,0,нет скидки,https://www.divan.ru/product/bra-tehno-strikt-2-grey
Спот Минки-2 Grey,1690руб.,0,нет скидки,https://www.divan.ru/product/spot-minki-2-grey
Подвесной светильник Moderli Zoe-2,8690руб.,15 990руб.,-45%,https://www.divan.ru/product/podvesnoj-svetilnik-moderli-zoe-2
Спот Минки-2 Brown,1790руб.,0,нет скидки,https://www.divan.ru/product/spot-minki-2-brown
Настольная лампа Фаро Black,3490руб.,4190руб.,-16%,https://www.divan.ru/product/nastolnaya-lampa-faro-black
Подвесной светильник Кэнди Yellow,6990руб.,0,нет скидки,https://www.divan.ru/product/podvesnoj-svetilnik-kendi-yellow
Спот Минки-1 Grey,890руб.,0,нет скидки,https://www.divan.ru/product/spot-minki-1-grey
Подвесной светильник Narices-1,26 390руб.,0,нет скидки,https://www.divan.ru/product/podvesnoj-svetilnik-narices-1
Спот Лайт-1 White,2390руб.,0,нет скидки,https://www.divan.ru/product/spot-lajt-1-white
Бра Куб Black,2190руб.,0,нет скидки,https://www.divan.ru/product/bra-kub-black
Подвесной светильник Снэки Grey,4390руб.,5390руб.,-18%,https://www.divan.ru/product/podvesnoj-svetilnik-sneki-grey
Спот Минки Black,1190руб.,0,нет скидки,https://www.divan.ru/product/spot-minki-black
Бра Брик Black,3290руб.,0,нет скидки,https://www.divan.ru/product/bra-brik-black
Настольная лампа Маннера Brown,6990руб.,0,нет скидки,https://www.divan.ru/product/nastolnaya-lampa-mannera-brown
Светильник потолочный Банджи White,7990руб.,11 290руб.,-29%,https://www.divan.ru/product/svetilnik-potolochnyj-bandji-white
Подвесной светильник Moderli Lewes,14 390руб.,0,нет скидки,https://www.divan.ru/product/podvesnoj-svetilnik-moderli-lewes
Спот Лима-1 White,2290руб.,0,нет скидки,https://www.divan.ru/product/spot-lima-1-white
Подвесной светильник Эдли Beige,29 690руб.,0,нет скидки,https://www.divan.ru/product/podvesnoj-svetilnik-edli-beige
Настольная лампа Rodos,4990руб.,0,нет скидки,https://www.divan.ru/product/nastolnaya-lampa-rodos
Бра Гермес Black,5490руб.,0,нет скидки,https://www.divan.ru/product/bra-germes-black
Подвесной светильник Volare-1,4320руб.,4800руб.,-10%,https://www.divan.ru/product/podvesnoj-svetilnik-volare-1
Люстра Леон-3 Black,7290руб.,8890руб.,-17%,https://www.divan.ru/product/lyustra-leon-3-black
Подвесной светильник Milligan-1,16 490руб.,19 990руб.,-17%,https://www.divan.ru/product/podvesnoj-svetilnik-milligan-1
Спот Лайт-2 Black,3190руб.,0,нет скидки,https://www.divan.ru/product/spot-lajt-2-black
Ландшафтный светильник Техно-1 Black,6690руб.,0,нет скидки,https://www.divan.ru/product/landshaftnyj-svetilnik-tehno-1-black
Ландшафтный светильник Равелло-1 Black,6990руб.,0,нет скидки,https://www.divan.ru/product/landshaftnyj-svetilnik-ravello-1-black
Настольная лампа Фаро White,4390руб.,5190руб.,-15%,https://www.divan.ru/product/nastolnaya-lampa-faro-white
Подвесной светильник Минки White,2590руб.,0,нет скидки,https://www.divan.ru/product/podvesnoj-svetilnik-minki-white
Светильник потолочный Линг White,7690руб.,10 990руб.,-30%,https://www.divan.ru/product/svetilnik-potolochnyj-ling-white
Бра Равелло Black,5890руб.,0,нет скидки,https://www.divan.ru/product/bra-ravello-black
Бра Сирмион Black,7690руб.,0,нет скидки,https://www.divan.ru/product/bra-sirmion-black
Подвесной светильник Минки-2 White,2490руб.,2990руб.,-16%,https://www.divan.ru/product/podvesnoj-svetilnik-minki-2-white
Подвесной светильник Талли Black,7190руб.,0,нет скидки,https://www.divan.ru/product/podvesnoj-svetilnik-talli-black
Спот Лиманж-2 Black,4490руб.,4990руб.,-10%,https://www.divan.ru/product/spot-limanj-2-black
Подвесной светильник Ридж Brown,3090руб.,3790руб.,-18%,https://www.divan.ru/product/podvesnoj-svetilnik-ridj-brown
Настольная лампа Альби White,1590руб.,2590руб.,-38%,https://www.divan.ru/product/nastolnaya-lampa-albi-white
Спот Олден Grey,1290руб.,0,нет скидки,https://www.divan.ru/product/spot-olden-grey
Подвесной светильник Мистеро White,1190руб.,0,нет скидки,https://www.divan.ru/product/podvesnoj-svetilnik-mistero-white
Подвесной светильник Moderli Lia-2,5590руб.,7990руб.,-30%,https://www.divan.ru/product/podvesnoj-svetilnik-moderli-lia-2
Подвесной светильник Белфаст Black,4190руб.,0,нет скидки,https://www.divan.ru/product/podvesnoj-svetilnik-belfast-black
Ландшафтный светильник Талли Black,12 790руб.,0,нет скидки,https://www.divan.ru/product/landshaftnyj-svetilnik-talli-black
Подвесной светильник Нести White,5890руб.,0,нет скидки,https://www.divan.ru/product/podvesnoj-svetilnik-nesti-white
Люстра Фаро-5 Black,11 700руб.,14 990руб.,-21%,https://www.divan.ru/product/lyustra-faro-5-black
Спот Олден Black,1290руб.,0,нет скидки,https://www.divan.ru/product/spot-olden-black
Спот Минки Grey,790руб.,0,нет скидки,https://www.divan.ru/product/spot-minki-grey
Светильник потолочный Парма White,5090руб.,0,нет скидки,https://www.divan.ru/product/svetilnik-potolochnyj-parma-white
Ландшафтный светильник Элси-1 Black,750руб.,0,нет скидки,https://www.divan.ru/product/landshaftnyj-svetilnik-elsi-1-black
Настольная лампа Олли Brass,7990руб.,0,нет скидки,https://www.divan.ru/product/nastolnaya-lampa-olli-brass
Бра Тренто White,2590руб.,2890руб.,-10%,https://www.divan.ru/product/bra-trento-white
Подвесной светильник Снэки-5 Grey,7390руб.,8590руб.,-13%,https://www.divan.ru/product/podvesnoj-svetilnik-sneki-5-grey
Настольная лампа Монтероло Small,8990руб.,0,нет скидки,https://www.divan.ru/product/nastolnaya-lampa-monterolo-small
Подвесной светильник Ройл Black,6790руб.,0,нет скидки,https://www.divan.ru/product/podvesnoj-svetilnik-rojl-black
Люстра Белиз-12 Bronz,13 490руб.,22 490руб.,-40%,https://www.divan.ru/product/lyustra-beliz-12-bronz
Настольная лампа Маннера Grey,6990руб.,0,нет скидки,https://www.divan.ru/product/nastolnaya-lampa-mannera-grey
Светильник потолочный Лима-1 Black,2590руб.,0,нет скидки,https://www.divan.ru/product/svetilnik-potolochnyj-lima-1-black
Подвесной светильник Priddy,9890руб.,17 390руб.,-43%,https://www.divan.ru/product/podvesnoj-svetilnik-priddy
Торшер Moderli Birds-1,15 790руб.,0,нет скидки,https://www.divan.ru/product/torsher-moderli-birds-1
Подвесной светильник Санти Black,12 390руб.,0,нет скидки,https://www.divan.ru/product/podvesnoj-svetilnik-santi-black
Ландшафтный светильник Техно-2 Black,5990руб.,0,нет скидки,https://www.divan.ru/product/landshaftnyj-svetilnik-tehno-2-black
Подвесной светильник Шалин Black,2690руб.,7190руб.,-62%,https://www.divan.ru/product/podvesnoj-svetilnik-shalin-black
Настольная лампа Narices,15 390руб.,0,нет скидки,https://www.divan.ru/product/nastolnaya-lampa-narices
Люстра Альби-5 Black,6190руб.,0,нет скидки,https://www.divan.ru/product/lyustra-albi-5-black
Бра Твинки Black,3390руб.,0,нет скидки,https://www.divan.ru/product/bra-tvinki-black
Бра Белфаст Double,4590руб.,0,нет скидки,https://www.divan.ru/product/bra-belfast-double
Бра Lubenham,7690руб.,8890руб.,-13%,https://www.divan.ru/product/bra-lubenham
Торшер Moderli Birds-3,26 990руб.,0,нет скидки,https://www.divan.ru/product/torsher-moderli-birds-3
Подвесной светильник Минки Brown,2690руб.,0,нет скидки,https://www.divan.ru/product/podvesnoj-svetilnik-minki-brown
Ландшафтный светильник Сфера-1 Black,11 390руб.,0,нет скидки,https://www.divan.ru/product/landshaftnyj-svetilnik-sfera-1-black
Торшер Moderli Floor Black,7290руб.,16 990руб.,-57%,https://www.divan.ru/product/torsher-moderli-floor-black
Подвесной светильник Минки-1 White,2790руб.,0,нет скидки,https://www.divan.ru/product/podvesnoj-svetilnik-minki-1-white
Подвесной светильник Телос White,2890руб.,3590руб.,-19%,https://www.divan.ru/product/podvesnoj-svetilnik-telos-white
Спот Лайт-1 Grey,2390руб.,0,нет скидки,https://www.divan.ru/product/spot-lajt-1-grey
Спот Лайт-2 White,3190руб.,0,нет скидки,https://www.divan.ru/product/spot-lajt-2-white
Подвесной светильник Минки-1 Brown,2990руб.,0,нет скидки,https://www.divan.ru/product/podvesnoj-svetilnik-minki-1-brown
Бра Элси Black,890руб.,0,нет скидки,https://www.divan.ru/product/bra-elsi-black
Подвесной светильник Вьено-5 Black,12 390руб.,14 990руб.,-17%,https://www.divan.ru/product/podvesnoj-svetilnik-veno-5-black
Подвесной светильник Паоли-3 Black,6090руб.,0,нет скидки,https://www.divan.ru/product/podvesnoj-svetilnik-paoli-3-black
Подвесной светильник Moderli Martin-1,6790руб.,0,нет скидки,https://www.divan.ru/product/podvesnoj-svetilnik-moderli-martin-1
Подвесной светильник Moderli Alina,9490руб.,0,нет скидки,https://www.divan.ru/product/podvesnoj-svetilnik-moderli-alina
Спот Минки-1 Brown,890руб.,0,нет скидки,https://www.divan.ru/product/spot-minki-1-brown
Фонарь Ройл Black,5990руб.,0,нет скидки,https://www.divan.ru/product/fonar-rojl-black
Спот Лима-2 Black,4890руб.,0,нет скидки,https://www.divan.ru/product/spot-lima-2-black
Подвесной светильник Минки Black,2590руб.,0,нет скидки,https://www.divan.ru/product/podvesnoj-svetilnik-minki-black
Светильник потолочный Элси Black,790руб.,0,нет скидки,https://www.divan.ru/product/svetilnik-potolochnyj-elsi-black
Подвесной светильник Фаро-1 White,3690руб.,6990руб.,-47%,https://www.divan.ru/product/podvesnoj-svetilnik-faro-1-white
Люстра Пиллар-6 Black,12 090руб.,12 990руб.,-6%,https://www.divan.ru/product/lyustra-pillar-6-black
Настольная лампа Маннера Beige,6990руб.,0,нет скидки,https://www.divan.ru/product/nastolnaya-lampa-mannera-beige
Торшер Moderli Birds-2,23 490руб.,0,нет скидки,https://www.divan.ru/product/torsher-moderli-birds-2
Подвесной светильник Маро Green-3,28 890руб.,0,нет скидки,https://www.divan.ru/product/podvesnoj-svetilnik-maro-green-3
Бра Ройл Black,6890руб.,0,нет скидки,https://www.divan.ru/product/bra-rojl-black
Подвесной светильник Паоли White,2290руб.,0,нет скидки,https://www.divan.ru/product/podvesnoj-svetilnik-paoli-white
Спот Лима-4 Black,9090руб.,0,нет скидки,https://www.divan.ru/product/spot-lima-4-black
Ландшафтный светильник Стамбул-2 Black,10 090руб.,0,нет скидки,https://www.divan.ru/product/landshaftnyj-svetilnik-stambul-2-black
Светильник потолочный Белфаст Black,4990руб.,0,нет скидки,https://www.divan.ru/product/svetilnik-potolochnyj-belfast-black
Подвесной светильник Moderli Host-2,13 690руб.,19 990руб.,-31%,https://www.divan.ru/product/podvesnoj-svetilnik-moderli-host-2
Подвесной светильник Клифс Beige,13 190руб.,0,нет скидки,https://www.divan.ru/product/podvesnoj-svetilnik-klifs-beige
Бра Pinocchio,6990руб.,0,нет скидки,https://www.divan.ru/product/bra-pinocchio
Подвесной светильник Рили Beige,21 990руб.,0,нет скидки,https://www.divan.ru/product/podvesnoj-svetilnik-rili-beige
Подвесной светильник Лайонс White,8700руб.,10 790руб.,-19%,https://www.divan.ru/product/podvesnoj-svetilnik-lajons-white
Подвесной светильник Санти White,9690руб.,0,нет скидки,https://www.divan.ru/product/podvesnoj-svetilnik-santi-white
Бра Твинки White,3390руб.,0,нет скидки,https://www.divan.ru/product/bra-tvinki-white
Ландшафтный светильник Метрополис-2 Brown,12 290руб.,0,нет скидки,https://www.divan.ru/product/landshaftnyj-svetilnik-metropolis-2-brown
Ландшафтный светильник Стамбул-1 Black,5290руб.,0,нет скидки,https://www.divan.ru/product/landshaftnyj-svetilnik-stambul-1-black
Подвесной светильник Лайонс Black,8700руб.,10 690руб.,-18%,https://www.divan.ru/product/podvesnoj-svetilnik-lajons-black
Торшер Braccio,8990руб.,0,нет скидки,https://www.divan.ru/product/torsher-braccio
Ландшафтный светильник Сирмион Black,10 490руб.,0,нет скидки,https://www.divan.ru/product/landshaftnyj-svetilnik-sirmion-black
Подвесной светильник Moderli Host-1,6790руб.,7990руб.,-15%,https://www.divan.ru/product/podvesnoj-svetilnik-moderli-host-1
Подвесной светильник Хоул Brown,2990руб.,4790руб.,-37%,https://www.divan.ru/product/podvesnoj-svetilnik-houl-brown
Спот Минки-1 Black,1390руб.,0,нет скидки,https://www.divan.ru/product/spot-minki-1-black
Бра Брик White,3290руб.,0,нет скидки,https://www.divan.ru/product/bra-brik-white
Ландшафтный светильник Ройл Black,13 490руб.,0,нет скидки,https://www.divan.ru/product/landshaftnyj-svetilnik-rojl-black
Подвесной светильник Пиллар-3 Black,4690руб.,7690руб.,-39%,https://www.divan.ru/product/podvesnoj-svetilnik-pillar-3-black
Бра Атрани Black,4690руб.,0,нет скидки,https://www.divan.ru/product/bra-atrani-black
Спот Минки-1 White,1390руб.,0,нет скидки,https://www.divan.ru/product/spot-minki-1-white
Подвесной светильник Narices,9290руб.,0,нет скидки,https://www.divan.ru/product/podvesnoj-svetilnik-narices
Подвесной светильник Эффи Grafit,3790руб.,4890руб.,-22%,https://www.divan.ru/product/podvesnoj-svetilnik-effi-grafit
Люстра Альби-3 Black,4690руб.,0,нет скидки,https://www.divan.ru/product/lyustra-albi-3-black
Люстра Белиз-23 Bronz,49 090руб.,0,нет скидки,https://www.divan.ru/product/lyustra-beliz-23-bronz
Бра Moderli Birds-2,14 590руб.,24 990руб.,-41%,https://www.divan.ru/product/bra-moderli-birds-2
Торшер Pinocchio,13 990руб.,0,нет скидки,https://www.divan.ru/product/torsher-pinocchio
Ландшафтный светильник Метрополис-1 Brown,8390руб.,0,нет скидки,https://www.divan.ru/product/landshaftnyj-svetilnik-metropolis-1-brown
Подвесной светильник Эллис-1 Black,2090руб.,2290руб.,-8%,https://www.divan.ru/product/podvesnoj-svetilnik-ellis-1-black
Подвесной светильник Даклин Red,3890руб.,0,нет скидки,https://www.divan.ru/product/podvesnoj-svetilnik-daklin-red
Подвесной светильник Атрани Black,4890руб.,0,нет скидки,https://www.divan.ru/product/podvesnoj-svetilnik-atrani-black
Подвесной светильник Пайн-2 Black,3090руб.,0,нет скидки,https://www.divan.ru/product/podvesnoj-svetilnik-pajn-2-black
Люстра Кроу-3 White,5190руб.,7990руб.,-35%,https://www.divan.ru/product/lyustra-krou-3-white
Люстра Джеоми White,12 490руб.,14 490руб.,-13%,https://www.divan.ru/product/lyustra-djeomi-white
Бра Visuale,2490руб.,0,нет скидки,https://www.divan.ru/product/bra-visuale
Подвесной светильник Moderli Brizzi-2,7790руб.,9990руб.,-22%,https://www.divan.ru/product/podvesnoj-svetilnik-moderli-brizzi-2
Ландшафтный светильник Лэндскейп Black,3990руб.,0,нет скидки,https://www.divan.ru/product/landshaftnyj-svetilnik-lendskejp-black
Подвесной светильник Эллис-3 Black,5290руб.,6690руб.,-20%,https://www.divan.ru/product/podvesnoj-svetilnik-ellis-3-black
Подвесной светильник Мирра White,5090руб.,5790руб.,-12%,https://www.divan.ru/product/podvesnoj-svetilnik-mirra-white
Бра Талли Black,7990руб.,0,нет скидки,https://www.divan.ru/product/bra-talli-black
Подвесной светильник Минки-2 Black,3090руб.,0,нет скидки,https://www.divan.ru/product/podvesnoj-svetilnik-minki-2-black
Бра Метрополис Brown,5990руб.,0,нет скидки,https://www.divan.ru/product/bra-metropolis-brown
Ландшафтный светильник Донатори-2 Black,9890руб.,0,нет скидки,https://www.divan.ru/product/landshaftnyj-svetilnik-donatori-2-black
Люстра Лима-5 Black,9590руб.,0,нет скидки,https://www.divan.ru/product/lyustra-lima-5-black
Бра Техно Стрикт-1 Grey,3290руб.,0,нет скидки,https://www.divan.ru/product/bra-tehno-strikt-1-grey
Подвесной светильник Moderli Martin-2,14 990руб.,24 990руб.,-40%,https://www.divan.ru/product/podvesnoj-svetilnik-moderli-martin-2
Подвесной светильник Минки-1 Black,2790руб.,0,нет скидки,https://www.divan.ru/product/podvesnoj-svetilnik-minki-1-black
Бра Техно Стрикт-2 White,1990руб.,0,нет скидки,https://www.divan.ru/product/bra-tehno-strikt-2-white
Бра Техно Стрикт-1 Black,3290руб.,0,нет скидки,https://www.divan.ru/product/bra-tehno-strikt-1-black
Бра Техно Стрикт-1 White,3290руб.,0,нет скидки,https://www.divan.ru/product/bra-tehno-strikt-1-white
Торшер Chieveley,16 490руб.,22 690руб.,-27%,https://www.divan.ru/product/torsher-chieveley
Подвесной светильник Moderli Arya-2,8390руб.,14 990руб.,-44%,https://www.divan.ru/product/podvesnoj-svetilnik-moderli-arya-2
Подвесной светильник Кэнди Red,3990руб.,0,нет скидки,https://www.divan.ru/product/podvesnoj-svetilnik-kendi-red
Ландшафтный светильник Хассалех Black,9090руб.,0,нет скидки,https://www.divan.ru/product/landshaftnyj-svetilnik-hassaleh-black
Подвесной светильник Нести Black,5990руб.,0,нет скидки,https://www.divan.ru/product/podvesnoj-svetilnik-nesti-black
Подвесной светильник Даклин Black,3890руб.,0,нет скидки,https://www.divan.ru/product/podvesnoj-svetilnik-daklin-black
Спот Олден White,1290руб.,0,нет скидки,https://www.divan.ru/product/spot-olden-white
Бра Техно-2 Black,3290руб.,0,нет скидки,https://www.divan.ru/product/bra-tehno-2-black
Бра Леон Black,2490руб.,2690руб.,-7%,https://www.divan.ru/product/bra-leon-black
Подвесной светильник Мистеро Grey,1190руб.,0,нет скидки,https://www.divan.ru/product/podvesnoj-svetilnik-mistero-grey
Люстра Лима-5 White,8790руб.,0,нет скидки,https://www.divan.ru/product/lyustra-lima-5-white
Торшер Priddy,7990руб.,10 190руб.,-21%,https://www.divan.ru/product/torsher-priddy
Спот Esteperra,4890руб.,0,нет скидки,https://www.divan.ru/product/spot-esteperra
Светильник потолочный Линг Black,7690руб.,10 990руб.,-30%,https://www.divan.ru/product/svetilnik-potolochnyj-ling-black
Подвесной светильник Снэки-1 Grey,2490руб.,0,нет скидки,https://www.divan.ru/product/podvesnoj-svetilnik-sneki-1-grey
Бра Техно-1 Black,3190руб.,0,нет скидки,https://www.divan.ru/product/bra-tehno-1-black
Ландшафтный светильник Белфаст Black,6690руб.,0,нет скидки,https://www.divan.ru/product/landshaftnyj-svetilnik-belfast-black
Настольная лампа Moderli Birds-1,9690руб.,0,нет скидки,https://www.divan.ru/product/nastolnaya-lampa-moderli-birds-1
Подвесной светильник Ридж White,2990руб.,3690руб.,-18%,https://www.divan.ru/product/podvesnoj-svetilnik-ridj-white
Ландшафтный светильник Донатори-1 Black,6390руб.,0,нет скидки,https://www.divan.ru/product/landshaftnyj-svetilnik-donatori-1-black
Подвесной светильник Кэнди Orange,6990руб.,0,нет скидки,https://www.divan.ru/product/podvesnoj-svetilnik-kendi-orange
Подвесной светильник Vib White,18 590руб.,0,нет скидки,https://www.divan.ru/product/podvesnoj-svetilnik-vib-white
Подвесной светильник Хоул White,2990руб.,4590руб.,-34%,https://www.divan.ru/product/podvesnoj-svetilnik-houl-white
Подвесной светильник Альби Black,990руб.,0,нет скидки,https://www.divan.ru/product/podvesnoj-svetilnik-albi-black
Спот Минки White,1190руб.,0,нет скидки,https://www.divan.ru/product/spot-minki-white
Подвесной светильник Пайн-1 Black,2790руб.,0,нет скидки,https://www.divan.ru/product/podvesnoj-svetilnik-pajn-1-black
Настольная лампа Дэви White,9190руб.,0,нет скидки,https://www.divan.ru/product/nastolnaya-lampa-devi-white
Люстра Лорето-10 White,6490руб.,0,нет скидки,https://www.divan.ru/product/lyustra-loreto-10-white
Подвесной светильник Ридж Grafit,3690руб.,6290руб.,-41%,https://www.divan.ru/product/podvesnoj-svetilnik-ridj-grafit
Бра Леон-1 Black,2190руб.,2390руб.,-8%,https://www.divan.ru/product/bra-leon-1-black
Подвесной светильник Юта Beige-4,19 990руб.,0,нет скидки,https://www.divan.ru/product/podvesnoj-svetilnik-yuta-beige-4
Настольная лампа Alba Silver,6190руб.,0,нет скидки,https://www.divan.ru/product/nastolnaya-lampa-alba-silver
Настольная лампа Ларм White,9490руб.,0,нет скидки,https://www.divan.ru/product/nastolnaya-lampa-larm-white
Настольная лампа Alba Brown,5590руб.,0,нет скидки,https://www.divan.ru/product/nastolnaya-lampa-alba-brown
Подвесной светильник Myrica White,12 690руб.,0,нет скидки,https://www.divan.ru/product/podvesnoj-svetilnik-myrica-white
Торшер Киото Gold,24 990руб.,0,нет скидки,https://www.divan.ru/product/torsher-kioto-gold
Подвесной светильник Myrica Black,13 990руб.,0,нет скидки,https://www.divan.ru/product/podvesnoj-svetilnik-myrica-black
Подвесной светильник Larix-1 Black,15 990руб.,0,нет скидки,https://www.divan.ru/product/podvesnoj-svetilnik-larix-1-black
Светильник потолочный Мона Beige-4,30 290руб.,0,нет скидки,https://www.divan.ru/product/svetilnik-potolochnyj-mona-beige-4
Подвесной светильник Dioon,5890руб.,0,нет скидки,https://www.divan.ru/product/podvesnoj-svetilnik-dioon
Подвесной светильник Hopy Gold,5190руб.,0,нет скидки,https://www.divan.ru/product/podvesnoj-svetilnik-hopy-gold
Подвесной светильник Hopy Grey,5190руб.,0,нет скидки,https://www.divan.ru/product/podvesnoj-svetilnik-hopy-grey
Подвесной светильник Cube Three,14 490руб.,0,нет скидки,https://www.divan.ru/product/podvesnoj-svetilnik-cube-three
Бра Dionia Black,4790руб.,0,нет скидки,https://www.divan.ru/product/bra-dionia-black
Подвесной светильник Robinia Gold,11 790руб.,0,нет скидки,https://www.divan.ru/product/podvesnoj-svetilnik-robinia-gold
Настольная лампа Акаси Black,3890руб.,0,нет скидки,https://www.divan.ru/product/nastolnaya-lampa-akasi-black
Настольная лампа Терси Blue,11 790руб.,0,нет скидки,https://www.divan.ru/product/nastolnaya-lampa-tersi-blue
Настольная лампа Alba White,6490руб.,0,нет скидки,https://www.divan.ru/product/nastolnaya-lampa-alba-white
Бра Dionia White,4790руб.,0,нет скидки,https://www.divan.ru/product/bra-dionia-white
Подвесной светильник Пайнд White,2790руб.,0,нет скидки,https://www.divan.ru/product/podvesnoj-svetilnik-pajnd-white
Настольная лампа Palla Black,13 290руб.,0,нет скидки,https://www.divan.ru/product/nastolnaya-lampa-palla-black
Бра Caffer Black,3290руб.,0,нет скидки,https://www.divan.ru/product/bra-caffer-black
Бра Дэви White,8190руб.,0,нет скидки,https://www.divan.ru/product/bra-devi-white
Подвесной светильник Salix White,19 890руб.,0,нет скидки,https://www.divan.ru/product/podvesnoj-svetilnik-salix-white
Настольная лампа Ларм Black,9490руб.,0,нет скидки,https://www.divan.ru/product/nastolnaya-lampa-larm-black
Настольная лампа Джеркс Black,8990руб.,0,нет скидки,https://www.divan.ru/product/nastolnaya-lampa-djerks-black
Бра Cornus White,5190руб.,0,нет скидки,https://www.divan.ru/product/bra-cornus-white
Бра Cornus Led,4890руб.,0,нет скидки,https://www.divan.ru/product/bra-cornus-led
Светильник потолочный Кантур Grafit,36 990руб.,0,нет скидки,https://www.divan.ru/product/svetilnik-potolochnyj-kantur-grafit
Подвесной светильник Руд White,3290руб.,0,нет скидки,https://www.divan.ru/product/podvesnoj-svetilnik-rud-white
Бра Myrica,4290руб.,0,нет скидки,https://www.divan.ru/product/bra-myrica
Настольная лампа Акаси White,3890руб.,0,нет скидки,https://www.divan.ru/product/nastolnaya-lampa-akasi-white
Подвесной светильник Полярик Silver,7690руб.,0,нет скидки,https://www.divan.ru/product/podvesnoj-svetilnik-polyarik-silver
Торшер Дэви White,23 390руб.,0,нет скидки,https://www.divan.ru/product/torsher-devi-white
Настольная лампа Джеркс White,8990руб.,0,нет скидки,https://www.divan.ru/product/nastolnaya-lampa-djerks-white
Торшер Алберо White,32 400руб.,0,нет скидки,https://www.divan.ru/product/torsher-albero-white
Подвесной светильник Cube One,5390руб.,0,нет скидки,https://www.divan.ru/product/podvesnoj-svetilnik-cube-one
Подвесной светильник Hilt,3590руб.,0,нет скидки,https://www.divan.ru/product/podvesnoj-svetilnik-hilt
Бра Lithops-2 Black,2390руб.,0,нет скидки,https://www.divan.ru/product/bra-lithops-2-black
Подвесной светильник Hilt White,3390руб.,4310руб.,-21%,https://www.divan.ru/product/podvesnoj-svetilnik-hilt-white
Бра Nevy Silver,8690руб.,0,нет скидки,https://www.divan.ru/product/bra-nevy-silver
Торшер Терси Blue,24 390руб.,0,нет скидки,https://www.divan.ru/product/torsher-tersi-blue
Настольная лампа Олли White,7590руб.,0,нет скидки,https://www.divan.ru/product/nastolnaya-lampa-olli-white
Торшер Токио Beige,27 690руб.,0,нет скидки,https://www.divan.ru/product/torsher-tokio-beige
Торшер Nevy Silver,19 490руб.,0,нет скидки,https://www.divan.ru/product/torsher-nevy-silver
Подвесной светильник Руд Black,3290руб.,0,нет скидки,https://www.divan.ru/product/podvesnoj-svetilnik-rud-black
Подвесной светильник Пайнд Black,2790руб.,0,нет скидки,https://www.divan.ru/product/podvesnoj-svetilnik-pajnd-black
Торшер Токио White,27 690руб.,0,нет скидки,https://www.divan.ru/product/torsher-tokio-white
Светильник потолочный Мона Beige-3,25 490руб.,0,нет скидки,https://www.divan.ru/product/svetilnik-potolochnyj-mona-beige-3
Подвесной светильник Терси Blue,16 190руб.,0,нет скидки,https://www.divan.ru/product/podvesnoj-svetilnik-tersi-blue
Настольная лампа Nevy Silver,11 190руб.,0,нет скидки,https://www.divan.ru/product/nastolnaya-lampa-nevy-silver
Торшер Токио Black,27 690руб.,0,нет скидки,https://www.divan.ru/product/torsher-tokio-black
Подвесной светильник Гермес Black,5490руб.,0,нет скидки,https://www.divan.ru/product/podvesnoj-svetilnik-germes-black
